{"schemaVersion":"1.0","appDefinitionTemplate":{"id":"/providers/Microsoft.PowerApps/apps/","type":"Microsoft.PowerApps/apps","tags":{"minimumRequiredApiVersion":"2.2.0"},"properties":{"appVersion":"2019-10-19T00:50:15Z","lifeCycleId":"Published","createdByClientVersion":{"major":3,"minor":19101,"build":25,"revision":0,"majorRevision":0,"minorRevision":0},"minClientVersion":{"major":3,"minor":19101,"build":25,"revision":0,"majorRevision":0,"minorRevision":0},"backgroundColor":"rgba(0, 176, 240, 1)","backgroundImageUri":"/4141404718383069622/N871b32fb-05ab-47c7-a049-d8fc0f02e584-logoSmallFile","displayName":"User Group App","description":"","commitMessage":"","appUris":{"documentUri":{"value":"/4141404718383069622/Ne6f3243c-7860-4396-b12c-417948ac9041-document.msapp","readonlyValue":"/4141404718383069622/Ne6f3243c-7860-4396-b12c-417948ac9041-document.msapp"},"imageUris":[]},"createdTime":"0001-01-01T00:00:00Z","lastModifiedTime":"0001-01-01T00:00:00Z","sharedGroupsCount":0,"sharedUsersCount":0,"icons":{"smallIconUri":"/4141404718383069622/N40baa04f-97ea-4f97-bf5b-c87d4a596e11-small.png","mediumIconUri":"/4141404718383069622/N077d264f-c433-4630-bff8-5d9be178bf07-medium.png","largeIconUri":"/4141404718383069622/N65cc3a29-9a0d-4cc8-a2d9-46c46aba8b3b-large.png","wideIconUri":"/4141404718383069622/N4b3e79c4-101e-491d-989d-acc0007798a5-wide.png"},"connectionReferences":{"47e42287-325d-4427-bd5e-4d50c540347f":{"id":"99b16c35-3f2d-4f22-8753-300910989535","displayName":"Excel","iconUri":"https://connectoricons-prod.azureedge.net/excel/icon_1.0.1261.1716.png","dataSources":["Table1","Table4"],"dependencies":["2f43fd2d-3334-408e-9261-057ff90dc96b"],"dependents":[],"parameterHints":{"2f43fd2d-3334-408e-9261-057ff90dc96b":{"value":"fileSource"}},"isOnPremiseConnection":false,"bypassConsent":false,"dataSets":{"b!0FzknTfORUq3ez3wX9Ue_f9ll9SqDelLlKmcjXFXj3YJ1AoRTBN7QaUduvqa_C62.016MPRGJVBQ6M75D2LERDLHVWNTT7JQWME":{"dataSources":{"Table1":{"tableName":"Table1"},"Table4":{"tableName":"Table4"}}}},"apiTier":"Standard","isCustomApiConnection":false},"2f43fd2d-3334-408e-9261-057ff90dc96b":{"id":"9256d969-372a-4d2f-9e85-92256b03f2c0","displayName":"OneDrive for Business","iconUri":"https://connectoricons-prod.azureedge.net/onedriveforbusiness/icon_1.0.1261.1716.png","dataSources":[],"dependencies":[],"dependents":["47e42287-325d-4427-bd5e-4d50c540347f"],"parameterHints":{},"isOnPremiseConnection":false,"bypassConsent":false,"dataSets":{},"apiTier":"Standard","isCustomApiConnection":false}},"databaseReferences":{},"almMode":"Environment","performanceOptimizationEnabled":false},"isAppComponentLibrary":false,"appComponents":[]}}